Open*,High,Low,Close**,Volume,Market Cap
330.25,348.5,328.32,343.68,"1,551,260,140","6,167,686,393"
336.16,338.09,329.33,330.23,"1,150,597,729","5,925,637,086"
315.89,340.19,315.71,336.2,"1,216,405,504","6,032,155,088"
316.69,323.14,307.34,315.99,"1,236,137,481","5,669,016,593"
333.68,334.57,312.11,316.62,"1,311,332,080","5,679,741,909"
339.64,339.79,326.42,333.73,"1,206,905,812","5,986,043,211"
333.79,342.22,331.15,339.61,"1,226,299,625","6,090,824,526"
346.81,352.3,330.54,333.58,"1,617,493,636","5,982,117,479"
333.69,350.82,333.58,346.76,"1,791,977,352","6,217,888,009"
333.06,337.46,329.07,333.67,"1,364,528,841","5,982,644,434"
326.65,339.62,325.4,332.75,"1,507,071,290","5,965,406,241"
328.72,331.44,322.77,326.82,"1,521,358,677","5,858,646,056"
326.59,329.05,320.07,328.76,"1,485,593,980","5,892,751,618"
315.83,329.3,315.83,326.57,"1,647,491,046","5,852,931,216"
307.91,320.26,305.29,315.93,"1,376,384,681","5,661,633,810"
310.2,312.62,305.77,307.92,"1,319,630,375","5,517,534,583"
306.5,311.29,299,310.46,"1,304,270,432","5,562,469,266"
316.43,321.7,302.55,306.64,"1,529,445,657","5,493,623,993"
302.79,319.03,296.69,316.04,"1,485,022,992","5,661,444,258"
302.9,310.63,296.88,302.95,"1,270,702,881","5,426,343,673"
298.14,305.81,284.73,302.85,"1,507,512,759","5,424,049,391"
310.72,314.31,294.3,298.58,"1,465,679,636","5,347,064,857"
321,323.62,303.04,310.59,"1,297,124,990","5,561,548,261"
324.39,330.47,312.74,320.86,"1,359,692,581","5,744,869,635"
308.38,337.28,306.11,324.2,"1,715,437,159","5,804,085,930"
314.78,316.39,298.46,308.03,"1,455,314,291","5,513,937,260"
291.38,321.35,286.14,315.09,"1,844,896,871","5,639,784,558"
281.2,304.09,275.57,291.54,"2,288,443,142","5,217,863,519"
314.86,317.3,273.03,281.71,"2,120,520,439","5,041,290,674"
283.3,322.28,258.65,314.74,"2,464,005,425","5,631,883,901"
344.97,346.37,281.2,282.84,"1,688,007,280","5,060,555,564"
354.57,354.85,334.48,344.95,"1,496,154,286","6,171,207,834"
346.55,359.78,339.88,354.46,"1,671,307,825","6,340,628,507"
390.29,390.44,325.74,345.88,"2,535,121,897","6,186,691,363"
416.09,421.53,383.68,390.24,"1,946,693,493","6,979,428,054"
418.79,428.36,412.44,416.08,"1,624,612,090","7,440,740,818"
412.12,420.79,406.48,418.63,"1,397,264,412","7,485,665,780"
405.58,415.07,400.76,411.81,"1,334,925,076","7,362,894,509"
400.23,416.23,399.28,405.47,"1,471,000,137","7,248,770,123"
401.64,408.08,393.68,400.51,"1,725,160,159","7,159,550,587"
422.81,423.85,400.46,401.69,"1,721,585,714","7,179,847,499"
407.91,422.73,407.33,422.61,"1,887,674,266","7,552,985,982"
416.52,421.11,382.83,407.89,"2,148,449,372","7,289,112,276"
399.83,418.57,390.76,416.65,"2,170,629,296","7,444,877,514"
441.96,447.3,399.47,399.47,"1,933,402,678","7,137,232,211"
437.12,443.62,415.39,442.72,"2,131,966,116","7,909,203,099"
413.62,439.62,401.5,436.8,"2,663,786,738","7,802,534,342"
485.87,490.68,392.82,413.27,"3,097,101,870","7,381,521,390"
479.79,514.72,465.77,485.57,"3,541,460,266","8,671,982,407"
476.72,483.93,466.3,479.81,"2,225,951,702","8,568,477,927"
475.34,476.67,464.8,476.25,"1,857,691,004","8,504,058,846"
479.44,496.92,472.2,475.02,"2,313,225,132","8,481,134,641"
439.69,522.09,437.84,480.17,"3,606,842,274","8,572,340,894"
413.6,441.16,413.17,439.45,"1,846,131,599","7,844,600,288"
416.81,417.32,406.56,413.56,"1,314,360,146","7,381,555,720"
413.93,420.25,410.73,416.91,"1,297,224,300","7,440,639,033"
432.02,432.34,405.31,413.94,"1,622,477,887","7,386,885,005"
428.26,438.6,427.06,432.52,"1,454,079,245","7,717,588,598"
422.83,440.5,418.98,428.32,"1,904,693,125","7,642,032,028"
421.68,425.59,413.15,422.83,"1,566,387,915","7,543,301,233"
411.89,422.2,402.36,421.29,"1,793,749,535","7,515,047,092"
396.32,423.43,395.5,411.94,"2,044,418,533","7,347,603,511"
388.11,399.87,385.73,396.38,"1,470,454,427","7,069,287,863"
394.77,397.02,380.79,387.91,"1,316,065,000","6,917,539,681"
381.06,399.12,375.78,394.58,"1,537,080,110","7,035,828,916"
394.15,396.5,373.64,381.17,"1,326,212,608","6,795,928,982"
401.56,405.1,387.59,394.24,"1,393,738,910","7,028,325,633"
397.04,410.49,392.39,401.43,"1,571,977,471","7,155,833,282"
398.07,403,373.95,396.93,"1,857,674,526","7,074,832,085"
382.65,411.69,382.6,398.38,"2,659,571,174","7,100,023,322"
408.21,408.21,368.95,382.66,"2,279,486,006","6,819,133,358"
443.73,446.75,403.7,408.66,"2,062,149,881","7,281,637,877"
434.72,449.76,434.27,443.77,"1,645,915,863","7,906,527,803"
445.03,448.6,432.18,434.46,"1,774,830,914","7,739,847,598"
424.62,445.11,417.7,445.07,"2,239,642,925","7,928,120,027"
454.45,478.53,414.15,424.62,"2,988,845,095","7,563,129,806"
435.01,462.78,422.64,454.12,"2,493,988,249","8,087,688,934"
443.01,443.75,429.77,435,"1,995,254,776","7,746,217,003"
432.97,456.25,427.11,443.8,"2,767,017,567","7,902,126,191"
406.55,436.34,394.69,432.84,"2,311,867,234","7,706,274,017"
409.21,414.56,401.58,406.74,"1,812,156,961","7,240,862,143"
405.92,421.01,396.41,409.05,"2,441,092,695","7,281,315,898"
391.52,406.63,372.63,405.84,"2,544,348,455","7,223,445,689"
417.31,422.91,387.71,392.51,"2,493,471,577","6,985,412,414"
412.52,439.38,401.31,417.55,"2,894,337,881","7,430,305,034"
421.38,421.42,385.42,412.81,"2,932,575,975","7,345,236,299"
357.31,428.85,356.85,421.49,"3,347,689,966","7,498,997,884"
364.45,370.37,351.99,357.62,"2,276,729,590","6,361,880,487"
398.68,410,340.84,364.85,"3,639,603,283","6,489,886,201"
402.44,443.68,387.54,398.7,"4,522,945,333","7,091,323,125"
389.12,407.71,373.64,402.93,"3,374,131,496","7,165,698,706"
385.37,407.58,369.13,388.96,"3,490,443,261","6,916,566,798"
354.03,401.34,347.16,384.48,"3,775,372,869","6,836,234,081"
356.27,375.38,336.19,354.03,"4,136,205,097","6,294,245,390"
287.79,377.01,287.73,356.37,"3,587,276,404","6,335,163,786"
284.2,294.24,279.61,287.73,"1,807,016,333","5,114,440,435"
286.47,292.72,278.45,284.19,"1,481,835,612","5,050,970,285"
286.55,287.26,276.66,286.3,"1,423,796,801","5,088,008,680"
287.68,298.44,286.22,286.73,"1,773,389,358","5,095,284,367"
293.96,294.72,277.51,287.66,"1,766,785,841","5,111,287,560"
291.35,298.91,287.05,293.95,"1,995,769,808","5,222,388,151"
292.88,311.66,275.39,291.49,"2,665,107,945","5,178,176,100"
270.15,297.16,267.88,293.01,"2,046,668,051","5,204,703,336"
271.97,280.16,268.02,270.18,"1,513,870,927","4,798,658,849"
267.99,278.65,266.46,271.82,"1,693,067,790","4,827,202,612"
237.57,268.23,236.33,267.76,"1,761,938,029","4,754,698,560"
255.55,255.55,232.91,236.61,"1,326,738,644","4,201,181,991"
264.12,267.58,251.62,255.47,"1,007,833,364","4,535,543,220"
264.09,266.59,261.06,263.94,"910,703,481","4,685,455,838"
267.19,274.98,257.49,263.88,"1,345,116,972","4,683,922,947"
279.21,284.03,266.19,266.85,"1,229,338,671","4,736,173,073"
290.96,291.85,270.56,278.94,"1,554,756,186","4,950,183,725"
292.79,308.47,290.62,291.17,"1,434,551,201","5,166,782,245"
290.34,295.9,287.55,292.81,"1,184,945,128","5,195,382,026"
300.81,303.33,281.9,290.48,"1,279,142,852","5,153,508,007"
306.86,309.65,296.76,300.75,"1,036,399,596","5,335,185,126"
306.93,310.08,293.59,306.81,"1,395,000,142","5,442,073,304"
310.87,314.36,304.74,306.96,"1,203,614,370","5,444,130,081"
318.31,321.69,306.28,310.8,"1,373,348,879","5,511,745,936"
314.12,324.84,305.79,318.31,"1,686,596,635","5,644,306,278"
288.7,332.28,288.09,314.12,"2,459,286,061","5,569,511,338"
279.41,289.54,274.86,288.65,"990,830,744","5,117,349,387"
282.68,286.5,274.12,279.47,"1,142,074,597","4,954,123,909"
272.64,287.01,260.67,282.85,"1,458,454,991","5,013,575,388"
305.12,306.07,259.02,272.71,"1,824,110,954","4,833,259,697"
295.97,312.09,295.79,305.22,"1,476,621,660","5,408,935,312"
309.95,309.95,294.89,296.04,"1,312,902,759","5,245,808,192"
319.77,326.92,297.36,310.16,"1,918,300,729","5,495,399,882"
305.8,326.11,300.14,319.6,"2,183,906,035","5,662,007,844"
292.81,328.44,285.28,306.07,"2,107,781,161","5,421,896,039"
286.64,299.74,282.56,292.64,"1,697,395,926","5,183,362,407"
298.47,317.37,276.33,286.57,"2,803,008,785","5,075,306,708"
236.4,342.87,236.3,298.35,"4,237,037,516","5,283,502,610"
167.63,240.11,167.47,236.13,"1,648,897,519","4,181,200,031"
168.9,169.31,167.09,167.63,"465,814,641","2,967,829,681"
168.64,169.04,167.38,168.94,"454,369,901","2,990,730,945"
170.3,177.73,167.37,168.59,"581,569,997","2,984,272,263"
169.35,172.16,166.46,170.45,"560,103,605","3,016,920,025"
173.1,173.1,167.26,169.45,"545,985,641","2,998,993,454"
160.51,174.17,160.05,173.18,"566,792,974","3,064,635,955"
161.39,161.94,156.01,161.44,"448,350,663","2,856,498,863"
166.11,166.7,158.66,161.62,"462,768,947","2,859,416,983"
167.09,167.09,164.05,165.94,"400,180,522","2,935,530,185"
158.13,170.05,157.7,167.41,"518,279,691","2,961,308,944"
154.71,161.09,153.54,158.34,"373,689,646","2,800,577,106"
160.79,161.29,150.56,154.77,"488,749,472","2,737,074,468"
162.33,162.33,156.58,160.53,"394,747,561","2,838,778,127"
162.6,163.19,157.81,162.43,"430,154,285","2,871,986,995"
156.26,166.67,156.09,162.49,"635,931,669","2,872,870,544"
157.44,158.67,148.71,156.08,"437,535,869","2,759,201,463"
143.98,160.69,143.98,157.58,"648,403,250","2,785,421,758"
133.79,146.74,132.94,143.99,"363,130,165","2,544,991,930"
128.82,135.74,128.82,133.9,"388,641,464","2,366,317,917"
129.19,129.72,127.92,128.93,"217,915,164","2,278,360,791"
130.35,130.66,128.1,128.95,"232,279,797","2,278,392,927"
132.86,133.4,128.23,130.2,"268,403,469","2,300,366,575"
134.04,134.16,131.19,132.84,"274,459,921","2,346,643,092"
129.42,136.38,128.36,133.82,"317,778,034","2,363,674,682"
132.21,133.57,128.28,129.47,"301,191,835","2,286,681,068"
133.29,135.03,131.26,132.16,"281,220,759","2,333,871,541"
133.41,134.02,131.08,133.27,"281,163,956","2,353,268,981"
124.96,134.16,124.52,132.51,"297,746,808","2,339,621,253"
131.42,132.32,123.25,125.12,"307,511,335","2,208,988,908"
132.57,133.28,131.07,131.56,"202,483,597","2,322,338,739"
132.92,133.46,130.75,132.54,"234,304,188","2,339,431,979"
132.08,134.83,131.93,132.96,"240,782,300","2,346,655,915"
132.9,134.51,131.18,132.19,"281,575,851","2,332,748,075"
134.33,135.52,130.19,132.79,"291,088,410","2,343,107,844"
135.84,139.05,133.34,134.26,"327,672,295","2,368,915,181"
130.02,139.38,130.02,135.87,"475,080,131","2,397,004,768"
154.2,157.65,130.18,130.27,"556,592,899","2,297,963,405"
144.88,153.26,142.36,153.26,"391,092,331","2,703,206,926"
142.82,145.71,141.82,145.11,"321,600,349","2,559,341,440"
147.92,147.92,141.22,142.93,"351,951,657","2,520,520,395"
142.97,148.58,140.85,148.05,"402,662,737","2,610,658,250"
144.31,150.86,142.87,143.3,"557,033,470","2,526,640,652"
124.97,147.24,124.97,144.41,"685,321,231","2,545,790,168"
122.23,125.04,121.15,124.69,"230,868,433","2,197,907,885"
122.01,123.33,121.97,122.36,"191,430,981","2,156,696,757"
122.18,123.41,121.59,121.96,"197,273,460","2,149,451,478"
123.12,124.67,121.56,121.65,"242,536,735","2,143,745,070"
123.38,126.94,121.81,123.15,"228,141,043","2,170,002,268"
122.52,123.58,119.55,123.45,"236,077,048","2,174,933,530"
127.69,127.69,121.84,122.51,"282,031,883","2,158,268,752"
128.63,129.02,122.23,127.59,"285,347,998","2,247,451,285"
129.93,130.48,126.06,128.64,"233,478,378","2,265,803,863"
115.78,131.22,115.18,130.86,"392,818,315","2,304,674,878"
115.18,117.57,114.18,115.15,"192,007,562","2,027,740,445"
117.98,120.01,111.84,115.33,"289,253,747","2,030,777,404"
119.03,119.91,117.2,117.71,"205,839,408","2,072,438,278"
119.3,120.56,118.35,119.12,"207,822,688","2,097,108,276"
121.79,121.97,117.48,118.83,"218,977,856","2,091,663,603"
116.55,122,116.22,121.79,"251,181,380","2,143,595,618"
114.8,118.15,112.07,116.56,"246,917,441","2,051,265,822"
118.16,120.44,114.06,114.81,"277,744,299","2,020,317,794"
110.96,119.75,109.63,118.38,"278,213,607","2,082,944,610"
112.25,113.54,108.11,111.09,"263,554,927","1,954,462,937"
123.04,123.04,108.09,112.5,"322,496,467","1,978,985,766"
127.16,127.54,120.7,122.9,"201,627,687","2,161,816,591"
128.44,129.66,126.97,127.14,"178,570,796","2,236,142,032"
129.52,129.84,126.37,128.37,"205,641,444","2,257,551,746"
132.21,132.29,127.47,129.4,"264,182,477","2,275,366,585"
128.44,134.7,127.83,132.32,"293,056,048","2,326,546,174"
122.71,131.5,118.81,128.44,"264,996,480","2,258,084,781"
123.92,124.35,121.86,122.83,"187,814,581","2,159,253,905"
130.14,131,122.72,123.89,"269,797,874","2,177,598,900"
128.55,131.69,127.6,130.2,"198,967,556","2,288,428,149"
131.09,131.09,126.93,128.46,"208,629,422","2,257,476,672"
129.2,131.89,127.16,131.05,"178,365,450","2,302,882,084"
128.69,131.18,128.18,129.17,"161,105,128","2,269,508,449"
133.97,134.68,127,128.48,"182,316,505","2,257,176,864"
126.48,136.96,124.89,133.98,"214,446,102","2,353,563,604"
134.5,135.8,123.87,126.35,"182,166,624","2,219,291,825"
131.5,138.55,131.5,134.38,"212,095,966","2,360,139,637"
133.91,134.79,129.43,131.67,"221,067,019","2,312,246,613"
160.28,164.4,133.34,134.97,"349,267,379","2,369,927,478"
162.12,162.54,158.44,160.08,"163,008,542","2,810,697,903"
161.4,164.86,158.66,161.91,"167,967,145","2,842,511,735"
166.85,168.33,160.8,161.24,"204,578,538","2,830,470,728"
160.19,170.75,159.15,166.84,"226,834,845","2,928,444,441"
161.14,166.36,158.33,160.4,"230,320,255","2,815,113,500"
161.71,165.37,155.61,161.4,"207,663,255","2,832,257,307"
173.27,175.46,160.33,162.05,"231,676,176","2,843,455,670"
165.62,174.23,162.25,171.83,"270,357,561","3,014,732,747"
150.9,168.77,150.24,164.85,"267,838,686","2,892,087,608"
163.52,163.52,148.96,151.05,"184,371,700","2,649,556,711"
165.15,165.35,159.64,163.62,"254,982,420","2,869,903,438"
174.47,175.28,164.48,165.06,"308,440,732","2,894,826,363"
150.56,176.19,144.17,174,"466,524,537","3,051,295,976"
175.41,177.19,147.84,150.13,"339,080,968","2,632,368,862"
172.06,186.34,165.54,175.51,"537,284,643","3,077,145,391"
183.03,183.03,155.4,170.91,"621,674,076","2,996,171,177"
200.03,213.72,179.09,182.26,"611,323,718","3,194,811,505"
197.89,209.86,189.16,197.66,"578,345,903","3,464,468,332"
196.3,206.45,184.08,196.67,"716,022,686","3,446,690,555"
190.48,229.01,177.33,194.3,"1,520,475,211","3,404,763,308"
126.28,200.08,125.21,194.23,"1,558,759,484","3,403,293,234"
105.44,144.1,103.06,128.45,"532,417,073","2,250,407,550"
90.31,105.78,87.59,105.2,"188,289,946","1,842,897,809"
81.53,92.94,81.4,90.35,"109,893,213","1,582,485,422"
77.37,83.48,77.37,81.64,"80,118,715","1,429,835,840"
80.33,83.04,75.08,77.37,"68,901,780","1,354,857,549"
90.24,91.98,77.72,80.37,"104,537,195","1,407,338,099"
102.43,102.43,88.58,90.3,"74,837,340","1,581,083,402"
101.71,105.8,99.43,102.59,"59,280,514","1,796,083,515"
107.05,107.05,97.57,102.07,"71,529,997","1,786,818,888"
109.6,110.96,103.38,107.31,"73,938,617","1,878,384,641"
103.73,112.18,103,109.62,"120,406,818","1,918,499,081"
106.24,109.96,99.84,104.05,"112,407,720","1,820,816,062"
107.49,116.57,97.62,106.85,"211,041,228","1,869,734,341"
130.52,131.79,107.44,107.59,"123,685,568","1,882,490,958"
149.85,149.85,130.54,130.54,"95,942,782","2,283,779,814"
159.64,160.33,149.05,149.66,"73,451,486","2,617,978,806"
172.32,172.61,153.68,159.82,"69,403,051","2,795,421,069"
171.94,180.26,171.65,172.11,"71,004,464","3,010,194,661"
172.52,177.83,167.84,172.12,"68,660,039","3,010,070,869"
181.09,187.5,168.08,173.07,"97,441,740","3,026,267,124"
190.1,191.15,176.83,180.98,"89,166,901","3,164,359,444"
179.14,198.55,176.36,190.07,"127,871,000","3,322,936,116"
182,192.99,171.22,179.06,"136,514,000","3,130,144,346"
184.83,215.77,170.62,182.04,"283,429,000","3,181,915,944"
181.13,189.25,154.28,184.58,"164,581,000","3,226,002,256"
207.66,217.04,177.23,180.69,"97,740,700","3,157,626,102"
210.42,212.46,196.52,207.43,"103,947,000","3,624,574,888"
236.21,239,211.47,211.47,"59,981,900","3,694,885,203"
226.38,246.67,221.19,235.95,"80,873,000","4,122,235,034"
336.31,336.5,199.09,223.7,"142,641,000","3,907,841,849"
383.63,415.15,336.96,336.96,"107,950,000","5,885,744,615"
387.64,412.87,380.02,386.25,"275,157,000","6,746,074,650"
389.5,394.38,380.35,387.75,"356,307,000","6,771,541,905"
421.2,423.43,388.82,388.82,"502,805,000","6,789,652,604"
439.96,453.62,403.75,421.32,"979,243,000","7,356,352,530"
511.63,525.27,421.2,439.31,"1,167,480,000","7,669,576,348"
514.58,542.68,504.8,512.41,"972,530,000","8,945,077,319"
533.57,536.9,502.73,516.31,"951,132,000","9,012,099,962"
555.78,555.78,517.66,533.34,"693,990,000","9,308,507,141"
542.88,562.91,535.79,556.5,"656,843,000","9,711,658,824"
574.01,594.8,532.76,544.42,"860,474,000","9,499,852,951"
616.53,619.16,573.9,574.43,"824,619,000","10,022,537,741"
630.18,638.55,610.34,617.26,"935,156,000","10,768,569,005"
558.55,628.51,551.29,628.51,"958,116,000","10,797,299,033"
557.72,578.23,538.86,558.47,"907,963,000","9,740,952,454"
478.54,586.04,478.51,560.18,"1,452,890,000","9,769,871,612"
461.77,483.67,458.54,477.99,"470,238,000","8,335,552,143"
424.24,469.88,424.24,462.01,"524,499,000","8,055,935,542"
423.07,432.58,421.83,424.09,"228,640,000","7,393,934,934"
422.23,424.62,411.52,422.86,"286,666,000","7,371,737,947"
417.69,422.97,415.21,421.93,"243,462,000","7,354,852,860"
440.21,440.9,414.61,417.57,"294,419,000","7,278,038,086"
438.89,442.23,436.09,441.08,"226,911,000","7,687,035,518"
438.6,439.82,435.83,437.53,"235,687,000","7,624,285,342"
439.12,441.53,436.15,438.74,"259,970,000","7,644,644,150"
442.18,443.58,439.15,440.23,"226,378,000","7,669,884,250"
441.27,448.18,440.65,442.45,"249,002,000","7,707,652,665"
447.17,449.79,438.25,442.66,"262,509,000","7,710,485,715"
447.19,452.53,443.6,447.21,"261,566,000","7,789,079,577"
447.54,455.96,445.77,447.85,"295,702,000","7,799,358,754"
440.87,448.48,438.45,447.45,"266,812,000","7,791,561,135"
438.31,443.43,433.38,440.85,"303,766,000","7,675,834,214"
449.22,454.71,432.93,438.43,"327,540,000","7,632,886,085"
458.85,459.87,446.29,448.79,"292,950,000","7,812,582,934"
459.32,467.17,454.6,458.01,"302,192,000","7,972,225,574"
438.65,487.21,433.82,459.38,"571,575,000","7,995,239,192"
448.19,451.92,438.6,439.23,"242,400,000","7,643,835,570"
443.18,450.22,442.66,448.41,"245,372,000","7,802,698,333"
430.35,451.93,429.39,443.23,"289,722,000","7,711,708,129"
511.77,511.77,431.85,433.04,"487,652,000","7,533,647,535"
516.66,517.22,507.83,512.92,"369,806,000","8,922,601,500"
526.91,528.55,513.12,517.79,"372,000,000","9,006,258,034"
518.71,530.92,517.33,528.98,"397,869,000","9,199,873,690"
509.63,519.39,506.65,517.47,"382,426,000","8,998,846,140"
519.92,521.68,502.54,508.62,"391,070,000","8,844,170,277"
513.9,522.51,510.63,520.63,"384,914,000","9,052,044,226"
516.79,529.94,510.59,513.03,"466,791,000","8,918,891,880"
531.64,531.64,508.73,514.53,"512,420,000","8,943,917,328"
531.15,547.49,527.92,533.27,"536,291,000","9,268,718,960"
531.64,539.95,522.32,530.91,"450,906,000","9,226,907,044"
536.56,545.55,520.61,529.93,"477,471,000","9,208,784,936"
538.99,553.48,514.26,536.91,"581,112,000","9,329,262,107"
568.43,572.58,533.44,539.86,"673,844,000","9,379,539,272"
514.77,585.36,514.77,564.41,"1,083,230,000","9,805,022,237"
444.8,542.53,434.35,515.93,"856,458,000","8,961,941,259"
462.11,462.35,428.91,445.23,"414,548,000","7,732,846,562"
487.92,490.77,459.59,463.09,"385,322,000","8,042,327,737"
487.71,504.14,478.07,488.65,"384,226,000","8,485,324,615"
500.35,505.29,468.33,487.83,"412,279,000","8,470,234,975"
457.52,506.44,449.38,499.04,"597,228,000","8,663,959,553"
429.81,462.07,424.66,455.74,"369,099,000","7,911,447,821"
433.19,438.71,414.28,429.23,"337,321,000","7,450,355,941"
418.56,443.76,414.54,435.68,"332,161,000","7,561,557,588"
450.38,460.49,413.04,420.45,"365,115,000","7,296,518,752"
448.51,450.2,431.44,449.16,"277,244,000","7,793,981,526"
447.58,458.81,446.41,450.68,"276,833,000","7,819,564,574"
467.13,472.75,443.87,449.5,"314,701,000","7,798,253,365"
433.54,472.58,433.54,464.44,"393,614,000","8,056,553,806"
440.51,440.93,414.47,432.85,"319,094,000","7,507,802,666"
468.35,476.13,433.16,440.84,"355,090,000","7,645,555,697"
484.22,486.98,463.81,465.59,"300,172,000","8,074,017,699"
474.63,493.95,466.3,481.19,"286,768,000","8,343,621,589"
501.82,508.96,468.8,475.29,"311,599,000","8,240,449,743"
518.77,526,496.14,501.57,"368,854,000","8,695,300,498"
529.95,530.25,495.07,519.16,"441,732,000","8,999,244,961"
626.2,631.77,530.23,530.51,"520,184,000","9,195,328,778"
627.32,643.44,622.72,625.07,"386,332,000","10,832,926,790"
648.33,650.69,622.23,626.36,"397,157,000","10,854,338,382"
616.03,653.69,601.94,645.88,"570,200,000","11,191,429,186"
543.96,628.08,542.26,615.31,"490,619,000","10,660,641,896"
538.62,546.76,535.6,543.08,"307,222,000","9,408,059,252"
554.07,556.52,527.92,540.03,"337,841,000","9,354,178,044"
564.41,567.25,548.47,554.37,"299,414,000","9,601,608,722"
545.08,570.98,541.24,565.31,"429,636,000","9,790,089,436"
523.02,546.36,520.09,546.36,"305,426,000","9,460,943,184"
536.49,536.49,516.58,522.88,"257,257,000","9,053,488,090"
534.99,542.03,529.73,537.24,"272,027,000","9,301,131,506"
531.55,537.54,522.85,535.41,"304,350,000","9,268,456,188"
519.12,532,515.9,530.77,"282,362,000","9,187,213,313"
535.15,570.61,512.11,519.95,"319,315,000","8,999,075,739"
514.06,540.02,514.06,536.57,"304,026,000","9,285,694,360"
570.11,575.63,513.12,515.66,"374,592,000","8,922,877,508"
554.93,579.6,544.97,569.93,"383,846,000","9,860,902,396"
597.67,606.92,541.05,554.92,"413,731,000","9,600,348,332"
516.56,597.01,516.22,597.01,"463,256,000","10,327,471,783"
512.87,538.27,506.84,517.35,"402,136,000","8,948,374,195"
513.25,540.49,508.14,513.67,"378,019,000","8,883,897,484"
534.98,534.98,481.43,509.31,"420,396,000","8,807,468,662"
571.02,591.86,529.04,535.98,"379,411,000","9,267,806,097"
564.44,580.8,561.09,570.96,"324,257,000","9,871,588,494"
571.89,582.59,548.48,566.77,"341,530,000","9,798,237,015"
610.35,612.66,564.95,572.44,"345,223,000","9,895,148,957"
590.52,619.54,581.33,610.78,"355,208,000","10,556,792,247"
660.05,660.05,575.64,585.45,"450,595,000","10,117,889,996"
692.63,712.34,653.78,659.38,"378,007,000","11,394,551,150"
711.01,718.65,684.44,692.63,"316,406,000","11,967,927,796"
696.07,715.52,687.86,709.22,"313,362,000","12,253,194,394"
723.27,735.04,691.58,695.74,"327,670,000","12,018,987,362"
732.8,732.8,704.59,724.71,"361,851,000","12,518,098,696"
767.68,773.73,726.92,734.76,"387,197,000","12,690,380,884"
779.95,779.95,740.32,769.35,"499,193,000","13,286,522,594"
816.73,816.73,766.34,777.15,"420,759,000","13,419,815,414"
828.55,829.87,790.12,816.08,"568,282,000","14,090,698,576"
821.01,835.62,813.79,828.98,"565,436,032","14,311,866,497"
821.49,826.43,803.73,818.83,"525,351,008","14,135,134,758"
804.35,829.42,785.59,819.39,"589,747,968","14,143,182,949"
830.74,855.97,795.74,806.18,"597,276,992","13,913,836,179"
863.2,870.66,822.51,831.46,"692,334,016","14,348,574,833"
785.6,871.47,778.65,869.47,"905,811,968","15,002,990,004"
789.69,828.39,783.52,784.39,"608,630,016","13,533,403,851"
788.47,820.1,781.3,788.67,"529,767,008","13,605,908,099"
767.88,797.06,750.72,789.49,"513,512,992","13,618,682,843"
823.4,823.4,765.18,767.66,"612,099,008","13,240,791,715"
828.43,840.43,808.73,824.89,"684,182,976","14,226,486,191"
849.77,880.98,814.59,829.94,"720,550,976","14,312,056,081"
803.12,863.29,784.92,850.78,"752,280,000","14,669,907,854"
724.48,806.93,718.95,805.68,"534,068,000","13,890,898,718"
702.99,731.57,698.76,722.97,"322,284,000","12,463,683,162"
696.42,707.05,690.69,704.06,"272,856,000","12,136,402,555"
686.65,708.75,686.65,696.59,"352,371,008","12,006,355,939"
706.98,706.98,669.52,682.76,"336,003,008","11,766,667,946"
688.87,713.76,688.87,707.48,"321,031,008","12,191,463,387"
732.86,739.2,688.63,688.63,"374,505,984","11,865,396,161"
751.57,757.37,731.35,733.38,"338,876,000","12,635,262,088"
775.78,784.44,745.82,751.35,"328,903,008","12,943,531,512"
736.76,775.82,715.29,775.3,"772,953,024","13,354,548,972"
748.48,748.67,705.11,737.33,"375,967,008","12,699,236,146"
763.29,779.14,725.12,748.22,"469,756,992","12,885,612,954"
757.93,808.23,742.93,762.4,"420,710,016","13,128,203,652"
775.07,819.37,754.82,757.95,"478,640,000","13,050,265,126"
739.25,798.31,724.32,776.17,"413,921,984","13,362,677,311"
749.18,752.91,719.76,739.42,"558,793,984","12,728,748,477"
717.04,762.92,717.04,748.71,"576,081,024","12,887,050,715"
663,729.55,652.81,715.71,"407,536,000","12,317,788,897"
714.7,720.24,651.21,660.24,"340,686,016","11,361,954,618"
698.28,719.93,691.39,713.77,"333,936,992","12,282,011,821"
757.25,757.7,700.26,700.26,"357,417,984","12,048,157,420"
748.63,774.65,739.04,756.85,"447,070,016","13,020,419,082"
764.62,767.02,676.94,749.36,"642,142,016","12,890,445,591"
755.24,776.89,742.33,762.76,"397,206,016","13,119,368,990"
874.97,876.38,735.41,755.97,"589,187,968","13,001,267,500"
890.64,900.72,869.14,874.09,"361,313,984","15,031,302,840"
905.71,906.48,866.06,890.45,"430,131,008","15,311,038,807"
885.99,918.2,878.48,904.65,"397,230,016","15,553,580,063"
849.81,892.96,830.29,885.64,"381,404,000","15,224,997,908"
853.06,865.08,849.22,852.1,"290,560,992","14,646,877,140"
847.16,861.46,839.34,852.19,"311,148,000","14,646,873,027"
896.43,897.09,843.08,849.32,"371,601,984","14,595,956,015"
844.36,898.93,832.88,897.6,"522,806,016","15,424,258,128"
876.89,881.13,818.62,844.24,"547,672,000","14,505,818,809"
957.14,960.15,862.45,874.43,"523,140,992","15,023,005,659"
937.63,975.83,906.01,958.56,"619,150,976","16,466,571,854"
"1,087.46","1,087.46",909.61,939.55,"757,265,984","16,138,135,358"
"1,117.35","1,137.32","1,092.13","1,092.13","407,028,000","18,757,223,537"
"1,145.34","1,149.80","1,096.91","1,118.19","503,856,000","19,202,774,712"
"1,135.15","1,166.25","1,133.34","1,143.75","561,721,024","19,639,588,594"
"1,157.33","1,157.33","1,107.21","1,131.17","608,502,976","19,421,623,315"
"1,110.07","1,158.73","1,064.72","1,152.89","727,427,008","19,792,584,942"
"1,170.78","1,206.53","1,086.85","1,105.80","910,656,000","18,982,052,220"
"1,083.13","1,190.57","1,074.82","1,170.40","842,262,016","20,088,760,230"
"1,003.33","1,093.86",996.59,"1,084.78","689,121,024","18,617,224,876"
995.66,"1,010.34",979.83,"1,002.92","538,528,000","17,210,408,076"
983.57,"1,027.73",975.4,995.34,"705,260,032","17,078,622,466"
990.07,"1,025.64",954.89,984.68,"591,774,976","16,893,852,272"
896.85,"1,003.51",880.89,987.66,"688,334,016","16,943,358,765"
996.65,"1,005.65",884.05,892.12,"566,168,000","15,302,656,175"
"1,009.20","1,009.79",982.27,996.92,"507,305,984","17,098,555,063"
"1,015.68","1,046.49","1,001.18","1,012.48","486,185,984","17,363,589,040"
"1,072.74","1,073.05",998.52,"1,017.30","620,339,968","17,444,380,643"
"1,005.01","1,078.36",958.82,"1,071.36","785,384,000","18,369,471,600"
"1,142.25","1,153.91",978.27,"1,005.61","858,105,984","17,240,265,831"
"1,233.70","1,233.70","1,131.93","1,141.86","634,201,984","19,574,049,585"
"1,296.03","1,301.55","1,221.57","1,233.64","622,772,992","21,145,453,148"
"1,183.20","1,306.95","1,174.97","1,291.77","805,598,976","22,139,339,235"
"1,206.61","1,208.99","1,159.66","1,184.96","595,862,016","20,306,600,272"
"1,202.20","1,218.00","1,143.12","1,207.24","876,974,976","20,686,223,396"
"1,290.22","1,335.41","1,185.99","1,206.17","804,139,008","20,665,642,307"
"1,341.89","1,359.36","1,241.99","1,280.62","913,177,984","21,939,149,631"
"1,430.28","1,456.35","1,323.31","1,343.38","939,358,016","23,011,847,516"
"1,489.33","1,501.64","1,353.79","1,431.69","1,158,710,016","24,522,075,801"
"1,474.76","1,507.88","1,427.09","1,493.12","921,628,032","25,571,546,400"
"1,376.05","1,501.65","1,284.44","1,472.40","1,461,449,984","25,214,058,585"
"1,527.49","1,556.64","1,332.58","1,371.74","1,513,260,032","23,487,841,058"
"1,646.15","1,669.83","1,523.56","1,528.59","1,070,040,000","26,170,760,102"
"1,607.87","1,679.03","1,484.29","1,638.34","1,273,219,968","28,046,926,773"
"1,673.07","1,693.35","1,569.44","1,611.94","1,060,739,968","27,592,020,264"
"1,766.66","1,781.47","1,590.30","1,655.20","1,407,629,952","28,329,658,360"
"1,758.83","1,838.49","1,670.34","1,765.69","1,946,960,000","30,217,488,953"
"1,516.74","1,753.11","1,515.07","1,752.10","1,664,400,000","29,981,891,398"
"1,501.40","1,538.46","1,466.21","1,517.33","960,185,024","25,961,592,167"
"1,459.55","1,536.80","1,454.97","1,511.97","1,282,659,968","25,867,122,953"
"1,353.54","1,480.58","1,326.91","1,458.72","1,165,139,968","24,953,703,084"
"1,348.64","1,351.28","1,261.60","1,351.28","774,633,024","23,113,272,798"
"1,440.96","1,440.96","1,339.36","1,350.05","753,113,984","23,089,803,896"
"1,393.99","1,477.31","1,378.01","1,440.30","1,049,449,984","24,630,696,326"
"1,337.96","1,418.61","1,334.27","1,396.25","808,801,984","23,874,967,438"
"1,422.06","1,422.06","1,337.85","1,337.85","905,273,024","22,873,890,375"
"1,289.54","1,420.41","1,250.86","1,420.41","1,281,929,984","24,282,832,217"
"1,426.71","1,437.18","1,246.61","1,284.79","1,830,969,984","21,962,007,542"
"1,434.01","1,560.94","1,414.11","1,426.42","2,053,920,000","24,380,281,489"
"1,194.71","1,443.27","1,194.71","1,432.26","1,934,290,048","24,477,753,078"
"1,147.48","1,250.51","1,116.27","1,201.22","968,409,024","20,527,017,940"
"1,126.86","1,172.28","1,028.03","1,154.69","1,093,510,016","19,729,798,322"
970.15,"1,142.50",947.88,"1,128.02","1,006,640,000","19,271,883,294"
890.66,983.58,878.45,968.64,"658,164,992","16,547,121,874"
758.25,893.57,757.39,888.91,"634,652,992","15,183,404,214"
766.7,784.49,755.38,757.59,"331,700,992","12,938,925,099"
781.12,797.88,745.73,766.47,"382,080,000","13,089,241,458"
741.91,785.35,741.91,780.83,"327,336,000","13,332,965,082"
738.72,760.48,723.22,738.98,"267,415,008","12,617,189,720"
735.78,781.13,725.4,738.3,"384,095,008","12,604,116,397"
666.39,734.48,658.93,734.48,"417,016,992","12,537,506,749"
648.9,666.58,648.9,666.58,"252,158,000","11,377,412,411"
637.7,657.01,628.86,649.62,"225,054,000","11,086,647,103"
656.09,680.6,627.32,637.03,"254,947,008","10,870,684,888"
640.89,659.81,640.89,655.26,"198,906,000","11,180,534,840"
611.2,652.59,610.41,640.35,"231,143,008","10,925,007,141"
641.86,646.08,603.71,610.43,"225,186,000","10,413,379,219"
648.63,655.52,620.1,646.04,"243,988,992","11,019,780,660"
710.47,711.27,638.01,649.2,"282,960,000","11,072,508,447"
664.15,719.77,660.34,712.88,"303,771,008","12,157,350,124"
644.46,686.03,641.43,662.77,"282,036,000","11,301,621,765"
688.01,699.05,629.93,643.03,"318,440,000","10,963,859,523"
697.62,735.82,683.99,685.25,"306,972,000","11,682,407,783"
712.41,766.97,677.53,697.01,"416,567,008","11,881,684,759"
861.61,867.31,703.18,714.27,"452,656,000","12,174,626,633"
876.36,897.63,852.88,860.52,"337,268,000","14,665,917,656"
916.99,926.38,876.33,876.33,"339,011,008","14,933,976,474"
967.9,975.61,887,919.25,"347,366,016","15,663,618,221"
973.6,991.07,965.52,966.88,"237,008,000","16,473,439,913"
"1,028.12","1,030.43",982.3,982.3,"264,080,000","16,734,538,466"
"1,011.83","1,019.43",966.4,"1,019.43","303,600,000","17,365,238,220"
"1,033.26","1,064.22",992.55,"1,011.52","344,283,008","17,228,587,960"
"1,066.03","1,082.35","1,016.37","1,033.45","389,291,008","17,600,286,488"
998.17,"1,072.42",958.51,"1,059.12","503,262,016","18,035,635,329"
942.6,997.28,915.51,994.67,"425,419,008","16,936,492,860"
948.28,948.28,851.61,938.11,"435,070,016","15,971,701,036"
974.7,"1,028.73",930.44,949.78,"411,316,000","16,168,562,807"
943.6,"1,053.63",902.78,977.03,"472,032,992","16,630,711,169"
949.77,954.41,877.1,943.64,"374,740,992","16,060,495,993"
"1,071.50","1,073.12",924.41,949.47,"406,616,000","16,158,029,406"
"1,051.07","1,100.07",999.75,"1,064.03","458,028,000","18,105,827,088"
"1,143.94","1,152.56","1,022.03","1,051.28","425,558,016","17,886,964,137"
"1,002.55","1,157.07",973.35,"1,145.17","514,167,008","19,482,419,344"
"1,071.15","1,087.30",994.19,"1,005.93","370,367,008","17,111,762,063"
"1,034.69","1,071.65",937.97,"1,067.02","510,887,008","18,148,929,842"
"1,094.64","1,113.61","1,006.86","1,040.21","446,519,008","17,691,098,520"
"1,205.84","1,218.84","1,043.70","1,092.16","455,224,992","18,572,604,012"
"1,264.19","1,264.19","1,179.85","1,206.04","401,782,016","20,506,961,442"
"1,287.10","1,291.88","1,268.03","1,268.03","350,078,016","21,558,729,053"
"1,267.86","1,289.72","1,225.10","1,289.08","367,584,000","21,914,279,433"
"1,274.67","1,302.80","1,257.76","1,270.38","371,664,000","21,594,173,316"
"1,284.95","1,303.66","1,255.37","1,275.18","421,497,984","21,673,564,991"
"1,204.84","1,303.45","1,195.03","1,291.92","482,240,000","21,955,792,824"
"1,243.26","1,275.66","1,204.16","1,204.16","375,300,992","20,462,034,996"
"1,255.45","1,297.69","1,231.99","1,246.66","420,912,000","21,181,906,561"
"1,177.58","1,274.86","1,149.44","1,250.56","460,182,016","21,246,107,744"
"1,191.35","1,210.20","1,143.07","1,178.10","362,664,992","20,012,870,666"
"1,266.56","1,309.38","1,149.48","1,193.27","413,263,008","20,268,481,491"
"1,217.36","1,319.33","1,161.42","1,270.71","492,542,016","21,581,532,150"
"1,304.66","1,350.34","1,194.05","1,219.49","475,079,008","20,709,470,642"
"1,412.85","1,423.94","1,293.47","1,308.46","575,353,984","22,218,026,982"
"1,543.27","1,569.03","1,414.35","1,418.73","820,947,008","24,087,960,507"
"1,483.34","1,553.81","1,483.34","1,534.77","578,905,984","26,055,483,336"
"1,552.10","1,641.40","1,428.49","1,487.46","907,873,024","25,249,614,907"
"1,548.48","1,568.64","1,517.14","1,551.39","641,718,976","26,332,072,140"
"1,373.16","1,558.66","1,369.68","1,552.20","961,009,984","26,343,142,898"
"1,358.65","1,400.71","1,330.18","1,375.81","502,454,016","23,346,962,574"
"1,229.18","1,384.06","1,229.18","1,362.27","629,852,032","23,114,690,849"
"1,285.23","1,289.42","1,205.73","1,231.98","442,663,008","20,901,788,080"
"1,222.43","1,302.66","1,222.43","1,283.91","466,212,992","21,780,634,413"
"1,255.59","1,306.20","1,197.87","1,217.64","651,555,008","20,654,142,398"
"1,311.99","1,394.81","1,215.72","1,257.31","734,606,016","21,324,826,284"
"1,273.87","1,342.41","1,206.39","1,312.11","1,133,760,000","22,251,745,463"
951.57,"1,345.20",951.57,"1,284.56","2,203,709,952","21,782,508,718"
971.08,"1,040.49",902.49,957.96,"866,222,016","16,242,319,571"
890.97,978.91,764.02,974.53,"777,420,032","16,521,414,683"
"1,159.89","1,172.70",839.95,887.41,"568,116,992","15,042,848,358"
"1,273.17","1,286.98","1,101.31","1,165.38","656,033,984","19,752,812,252"
"1,194.23","1,314.43","1,072.83","1,272.50","453,100,992","21,566,075,500"
"1,272.50","1,272.50",980.78,"1,191.14","896,665,984","20,185,147,776"
"1,491.12","1,503.30","1,214.88","1,274.35","678,019,968","21,593,159,858"
"1,470.74","1,522.87","1,406.25","1,486.89","729,209,024","25,191,540,894"
"1,657.69","1,662.07","1,468.17","1,470.55","649,822,976","24,912,532,404"
"1,745.36","1,763.24","1,638.33","1,657.14","362,212,992","28,070,315,174"
"1,636.41","1,762.34","1,636.41","1,746.25","580,544,000","29,576,563,672"
"1,602.50","1,665.81","1,567.78","1,628.63","441,742,016","27,581,500,502"
"1,637.19","1,678.63","1,500.37","1,603.90","594,667,008","27,159,760,943"
"1,661.04","1,707.70","1,611.04","1,642.12","522,193,984","27,804,026,890"
"1,622.15","1,703.34","1,575.42","1,639.13","488,160,992","27,750,266,009"
"1,623.14","1,700.34","1,504.72","1,621.46","578,984,000","27,448,541,050"
"1,794.46","1,815.42","1,525.50","1,621.92","681,350,016","27,453,023,400"
"2,033.70","2,033.70","1,733.99","1,776.64","745,179,008","30,068,588,224"
"1,784.26","2,124.45","1,780.45","2,032.12","1,116,240,000","34,388,779,314"
"1,740.17","1,870.78","1,723.87","1,769.62","743,246,976","29,943,762,140"
"1,752.27","1,893.47","1,696.25","1,756.75","1,024,060,032","29,722,694,803"
"1,767.58","1,875.08","1,361.02","1,748.05","1,457,730,048","29,572,177,012"
"2,406.86","2,406.86","1,555.97","1,772.07","1,704,029,952","29,975,361,482"
"2,541.58","2,576.13","2,328.31","2,401.54","1,412,359,936","40,618,867,060"
"2,687.10","2,746.61","2,490.04","2,553.32","993,310,016","43,182,003,172"
"2,617.66","2,850.27","2,589.03","2,685.29","1,218,569,984","45,408,790,958"
"2,475.90","2,648.23","2,413.33","2,620.99","1,110,220,032","44,316,550,742"
"2,891.55","2,976.49","2,396.84","2,462.61","1,947,949,952","41,634,454,574"
"2,390.02","2,961.20","2,332.48","2,895.38","2,578,810,112","48,945,566,478"
"2,412.36","2,502.87","2,346.68","2,391.56","1,084,749,952","40,423,910,896"
"2,786.60","2,810.32","2,275.07","2,421.47","1,428,899,968","40,924,901,250"
"2,784.68","3,071.16","2,730.31","2,786.88","1,444,780,032","47,096,251,512"
"2,583.71","2,829.69","2,481.36","2,786.65","1,669,159,936","47,087,244,209"
"2,400.74","2,648.32","2,370.59","2,584.48","2,115,709,952","43,666,146,452"
"2,608.87","2,610.20","2,359.30","2,430.18","5,377,260,032","41,055,035,639"
"2,700.55","2,958.47","2,592.56","2,608.69","4,688,840,192","44,066,024,089"
"2,434.50","2,867.14","2,434.50","2,711.00","1,831,229,952","45,789,806,625"
"2,534.82","2,534.86","2,389.52","2,432.54","922,812,992","41,081,678,129"
"2,376.96","2,627.95","2,350.03","2,533.01","1,300,819,968","42,774,211,630"
"2,791.55","2,791.55","2,329.47","2,392.41","1,257,760,000","40,395,783,040"
"2,587.30","2,922.41","2,389.04","2,779.95","2,479,419,904","46,933,895,850"
"2,888.64","2,896.78","2,481.30","2,566.64","3,221,299,968","43,328,187,749"
"3,108.32","3,108.32","2,771.05","2,889.52","1,406,450,048","48,773,544,483"
"2,947.74","3,112.64","2,915.80","3,108.89","1,544,429,952","52,470,912,753"
"2,929.35","3,099.62","2,755.60","2,954.69","1,355,440,000","49,863,052,971"
"3,260.55","3,260.55","2,573.44","2,903.12","1,712,160,000","48,988,190,394"
"2,746.95","3,479.71","2,684.82","3,257.08","2,843,310,080","54,954,593,738"
"3,324.00","3,369.55","1,938.36","2,696.69","3,877,769,984","45,494,171,559"
"3,909.00","3,909.00","3,038.01","3,267.17","3,664,329,984","55,113,237,296"
"2,825.03","4,355.62","2,825.03","3,923.07","11,889,600,512","66,171,059,189"
"2,199.06","2,918.93","2,160.92","2,805.89","3,913,339,904","47,321,685,586"
"1,869.21","2,353.64","1,799.12","2,196.64","2,538,650,112","37,042,462,022"
"1,812.33","1,939.93","1,806.65","1,862.88","1,020,590,016","31,410,042,966"
"1,824.85","1,890.06","1,769.50","1,801.88","971,254,976","30,378,232,773"
"1,974.66","1,974.66","1,678.06","1,815.43","1,457,229,952","30,603,860,847"
"1,600.67","2,080.41","1,593.15","1,966.14","2,717,410,048","33,141,132,956"
"1,616.99","1,702.53","1,497.94","1,607.65","1,245,190,016","27,095,413,483"
"1,427.38","1,638.29","1,427.38","1,615.03","1,386,249,984","27,216,606,687"
"1,320.00","1,453.49","1,316.85","1,423.38","922,792,000","23,984,344,430"
"1,411.84","1,411.84","1,226.21","1,323.07","885,886,016","22,291,645,665"
"1,464.63","1,526.40","1,353.90","1,410.06","1,059,609,984","23,755,016,434"
"1,329.16","1,731.32","1,247.93","1,464.13","2,553,979,904","24,663,214,945"
"1,430.71","1,454.73","1,323.75","1,330.93","1,285,209,984","22,416,587,804"
"1,498.49","1,530.65","1,396.16","1,430.10","1,154,620,032","24,085,547,561"
"1,580.16","1,623.16","1,498.00","1,501.85","1,032,800,000","25,290,985,042"
"1,560.16","1,580.11","1,498.98","1,576.92","780,633,984","26,552,277,518"
"1,435.36","1,649.30","1,420.60","1,559.93","1,476,739,968","26,263,371,463"
"1,462.06","1,502.37","1,415.49","1,434.98","574,510,016","24,157,152,873"
"1,381.81","1,482.68","1,300.46","1,462.68","965,150,976","24,620,981,621"
"1,380.36","1,468.75","1,222.10","1,389.78","1,211,730,048","23,391,282,947"
"1,541.63","1,673.23","1,332.14","1,359.71","2,345,250,048","22,882,899,518"
"1,621.17","1,629.48","1,543.08","1,546.18","1,274,880,000","26,018,324,623"
"1,722.93","1,742.40","1,607.79","1,622.57","1,391,459,968","27,300,835,485"
"1,571.39","1,758.61","1,563.35","1,735.66","1,593,049,984","29,201,004,189"
"1,634.00","1,656.55","1,535.77","1,571.27","1,560,039,936","26,432,512,807"
"1,651.86","1,782.83","1,575.76","1,648.51","3,128,960,000","27,728,844,881"
"1,302.23","1,683.81","1,299.95","1,683.81","4,112,090,112","28,319,832,009"
"1,175.06","1,335.25","1,171.60","1,303.31","1,517,619,968","21,917,585,065"
"1,220.78","1,224.15","1,140.88","1,176.97","772,859,008","19,790,794,686"
"1,172.43","1,236.01","1,167.28","1,236.01","800,052,992","20,781,175,181"
"1,260.95","1,262.34","1,144.08","1,172.05","1,285,910,016","19,703,757,418"
"1,197.43","1,388.11","1,197.43","1,254.53","3,053,769,984","21,088,257,259"
909.16,"1,217.42",863.98,"1,185.48","3,203,429,888","19,925,103,285"
"1,202.17","1,210.36",876.57,900.78,"2,034,690,048","15,138,148,704"
"1,269.79","1,326.39","1,191.98","1,212.40","1,321,779,968","20,373,957,660"
"1,346.73","1,390.21","1,211.39","1,273.53","1,697,910,016","21,398,535,582"
"1,381.82","1,501.16","1,043.00","1,353.99","4,850,570,240","22,748,149,042"
"1,346.97","2,477.65","1,215.58","1,388.86","8,371,319,808","23,332,952,165"
"1,001.64","1,403.66",910.72,"1,340.45","5,139,769,856","22,505,049,629"
651.78,"1,034.77",651.78,"1,007.42","5,195,420,160","16,904,381,673"
622.31,670.14,619.26,654.3,"710,387,008","10,975,433,919"
615.24,646.38,565.6,622.46,"837,646,016","10,440,110,926"
602.68,626.21,602.45,616.3,"375,367,008","10,335,114,439"
630.31,657.34,602.65,602.65,"794,105,024","10,104,568,884"
619.91,635.72,579.13,630.7,"816,028,032","10,573,198,701"
635.35,642.05,571.12,620.45,"1,161,369,984","10,399,844,801"
587.32,684.53,577.86,625.32,"1,682,210,048","10,479,281,207"
527.68,610.39,514.52,587.22,"1,632,060,032","9,838,155,902"
438.3,538.26,437.91,531.83,"1,152,230,016","8,909,561,583"
449.37,454.07,431.76,439.05,"343,799,008","7,354,889,628"
458.45,478.42,417.62,448.23,"796,409,024","7,508,138,420"
420.47,526.12,408.4,451.92,"2,002,439,936","7,569,653,562"
369.54,425.45,369.06,423.35,"781,036,992","7,090,441,359"
338.3,372.81,338.24,367.57,"501,988,992","6,150,539,621"
332.11,350.94,331.21,338.2,"234,967,008","5,654,242,244"
326.59,334.38,320.38,332.13,"151,935,008","5,551,042,407"
315.9,340.45,311.48,326.89,"267,442,000","5,462,740,513"
330.67,332.28,309.87,315.6,"191,558,000","5,273,363,644"
323.5,355.52,323.5,331.66,"355,545,984","5,541,354,551"
326.75,328.45,317.46,323.36,"129,938,000","5,402,588,666"
330.9,332.98,323.08,327.44,"160,204,000","5,470,545,512"
339.27,339.27,326.27,330.81,"195,578,000","5,526,221,742"
373.65,376.18,313.77,339.17,"477,184,000","5,665,390,708"
313.7,394.96,309.64,371.73,"1,008,160,000","6,208,911,374"
315.26,318.02,310.52,313.64,"117,797,000","5,238,563,399"
322.42,323.59,307.68,314.95,"133,385,000","5,260,122,752"
321.54,327.42,317.35,321.96,"164,136,992","5,377,048,729"
314.15,323.08,304.38,321.46,"288,209,984","5,368,370,572"
315.47,330.13,310.71,313.21,"262,066,000","5,226,976,847"
320.2,321.27,312.13,314.9,"131,577,000","5,252,890,390"
313.22,352.02,311.7,321.59,"367,808,992","5,364,153,359"
342.76,342.76,289.04,314.16,"288,075,008","5,239,797,071"
360.09,362.46,337,342.21,"203,754,000","5,707,257,741"
363.6,364.88,356.07,360.78,"91,004,000","6,016,481,808"
355.43,371.28,354.96,363.01,"182,031,008","6,053,063,330"
358.42,371.19,348.45,355.75,"268,340,992","5,931,788,841"
404.2,404.45,354.55,358.45,"251,584,000","5,971,673,253"
421.79,421.79,395.74,404.18,"130,247,000","6,729,274,231"
415.87,430.86,411.84,421.19,"219,590,000","7,012,388,892"
433.38,436.94,415.15,415.15,"164,290,000","6,909,649,774"
436.64,445.62,432.53,432.63,"150,564,992","7,195,230,135"
447.66,447.92,426.99,436.77,"148,724,992","7,261,040,415"
456.71,465.2,433.5,447.81,"300,420,992","7,444,349,334"
441.86,460,439.41,457.31,"197,884,992","7,601,937,917"
445.36,458.25,441.83,441.83,"165,303,008","7,343,076,528"
419.65,450.13,419.65,445.8,"302,272,000","7,407,290,307"
428.8,433.04,419.25,421.03,"114,527,000","6,994,250,355"
415.31,432.96,407.45,428.5,"189,127,008","7,116,984,902"
417.92,435.45,402.77,415.09,"241,904,992","6,892,432,473"
475.83,480.01,413.75,416.26,"316,731,008","6,909,737,845"
526.74,527.72,471.09,476.05,"669,264,000","7,901,970,549"
480.64,550.41,450.05,527.88,"802,321,024","8,760,547,516"
422.09,479.69,422.09,479.32,"458,550,016","7,953,091,288"
438.9,438.9,384.06,419.86,"221,828,000","6,964,751,267"
424.49,450.98,388.2,440.22,"313,583,008","7,301,428,312"
369.49,448.39,301.69,424.02,"707,230,976","7,031,847,658"
504.22,510.47,367.04,367.04,"257,431,008","6,086,136,222"
509.47,519.2,471.22,503.61,"340,344,000","8,349,412,081"
539.03,559.22,505.01,510.41,"273,824,992","8,461,057,683"
537.19,556.25,515.67,537.81,"274,712,000","8,914,019,239"
546.47,546.75,484.09,537.07,"289,508,000","8,900,562,998"
584.73,586.18,539.15,547.47,"234,578,000","9,071,936,639"
654.37,687.3,557.51,583.1,"809,763,008","9,661,132,100"
636.85,707.98,603.5,652.85,"1,082,380,032","10,815,367,304"
541.28,642.69,539.96,638.18,"693,240,000","10,570,580,961"
514.9,550.95,458.78,541.71,"338,977,984","8,971,830,392"
608.26,608.26,500.76,517.24,"328,956,992","8,565,835,029"
578.27,617.41,563.59,607.43,"344,862,016","10,058,460,268"
621.96,642.05,560.58,575.9,"350,478,016","9,535,389,383"
588.4,645.52,586.73,622.17,"393,839,008","10,300,395,649"
576.25,603.69,572.14,588.17,"298,144,000","9,736,726,124"
549.32,604.69,535.92,575.21,"443,856,000","9,521,473,372"
596.13,599.3,528.32,552.93,"370,016,992","9,152,068,439"
619.7,626.88,595.52,596.18,"216,272,992","9,866,885,846"
625.89,654.87,589.64,620.9,"402,718,016","10,274,649,098"
641.88,646.93,622.36,625.32,"193,414,000","10,347,467,982"
627.06,665.41,624.3,641.05,"348,632,000","10,602,408,645"
670.03,697.32,617.31,628.11,"407,176,992","10,382,947,973"
690.96,715.67,651.32,669.4,"501,983,008","11,060,763,960"
596.19,734.88,570.27,690.88,"1,393,260,032","11,415,546,169"
723.7,756.59,573.47,599.64,"1,123,399,936","9,901,427,965"
772.42,858.96,683.94,712.87,"1,494,019,968","11,764,311,435"
697.04,"1,091.97",625.16,754.56,"3,196,229,888","12,447,999,918"
458.67,764.07,458.67,690.24,"3,087,490,048","11,385,819,408"
301.02,460.53,293.1,460.53,"744,604,992","7,596,275,408"
297.97,307.62,290.21,300.21,"106,436,000","4,951,611,203"
298.18,306.52,292.88,297.86,"133,924,000","4,912,603,933"
296.1,327.39,293.5,297.68,"174,968,000","4,909,115,806"
316.29,317.47,298.05,298.05,"120,722,000","4,914,961,032"
327.82,341.85,313.7,317.09,"126,007,000","5,228,596,735"
275.88,351.16,275.02,328.24,"233,971,008","5,412,173,084"
305.21,311.68,274.68,275.95,"136,636,992","4,549,781,986"
345.28,349.32,298.61,303.89,"165,032,000","5,010,026,797"
321.35,386.29,309.61,345.49,"274,880,000","5,695,399,910"
223.76,373.87,223.76,319.69,"346,545,984","5,270,009,227"
212.18,223.7,203.45,220.66,"107,606,000","3,637,254,889"
231.11,273.04,200.98,213.15,"144,043,008","3,513,302,001"
362.18,386.93,233.05,233.05,"185,038,000","3,841,262,261"
448.49,519.28,364.05,364.05,"161,518,000","6,000,453,014"
382.38,756.93,309.33,452.66,"416,207,008","7,460,771,889"
294.6,426.11,210.38,380.01,"65,988,800","6,263,348,571"
346.36,347.83,266.19,294.46,"1,075,960",-
385.14,385.14,316.25,345.66,"606,695",-
410.57,423.73,323.73,384.77,"737,815",-
386.65,465.18,217.06,406.05,"1,230,160",-
417.1,460.97,367.78,385.48,"533,207",-
407.08,486.16,321.79,365.82,"1,784,640",-
441.35,541.66,338.09,406.9,"524,908",-
412.58,578.89,409.21,440.7,"190,952",-
555.89,578.97,411.78,413.06,"85,013",-